Date,Gasto_Publicidad,Ventas,Ordenes,Google_Trends_Opry,Google_Trend_Nashville,Flights_to_Nashville,Organic,Email,Retail_sales__total,GAFO_1_,unemployment,cpi,fed_rate,mei,sp,Holliday_seasson,black_friday,christmas,columbus_day,cyber_monday,easter_sunday,fathers_day,fathers_day_1wf_before,good_friday,halloween,hanukkah_start,independence_day,juneteenth,labor_day,memorial_day,mothers_day,presidents_day,prime_day,small_business_saturday,thanksgiving,two_weeks_before_christmas,valentine_day,veterans_day,week_before_christmas
2023-03-25,101030.34,1393576.00,17489.00,10.00,100.00,2553500.00,404044,85459,147390,30610.25,0.875,75.459,1.1625,-0.2,992.14,0,0,0,0,0,0,0,0,0,0,0,0,0,0,0,0,0,0,0,0,0,0,0,0
2023-04-01,39261.42,1020225.20,14953.00,6.00,25.00,2068200.00,343930,42426,114866.2,24471.4,0.68,60.6726,0.966,-0.08,824.294,0,0,0,0,0,0,0,0,1,0,0,0,0,0,0,0,0,0,0,0,0,0,0,0
2023-04-08,38278.84,1133247.20,17228.00,5.00,21.00,2068200.00,311448,44304,114866.2,24471.4,0.68,60.6726,0.966,-0.08,824.294,0,0,0,0,0,1,0,0,0,0,0,0,0,0,0,0,0,0,0,0,0,0,0,0
2023-04-15,54829.83,1592108.80,22265.00,6.00,21.00,2068200.00,344501,124947,114866.2,24471.4,0.68,60.6726,0.966,-0.08,824.294,0,0,0,0,0,0,0,0,0,0,0,0,0,0,0,0,0,0,0,0,0,0,0,0
2023-04-22,59622.22,1520991.20,20829.00,11.00,20.00,2068200.00,339243,44133,114866.2,24471.4,0.68,60.6726,0.966,-0.08,824.294,0,0,0,0,0,0,0,0,0,0,0,0,0,0,0,0,0,0,0,0,0,0,0,0
2023-04-29,59206.98,980815.20,13957.00,8.00,21.00,2068200.00,323449,124423,114866.2,24471.4,0.68,60.6726,0.966,-0.08,824.294,0,0,0,0,0,0,0,0,0,0,0,0,0,0,0,0,0,0,0,0,0,0,0,0
2023-05-06,75817.11,988450.00,15198.00,6.00,22.00,2614750.00,308338,41279,153984.75,32166.75,0.9,76.03175,1.265,-0.025,1036.5425,0,0,0,0,0,0,0,0,0,0,0,0,0,0,0,0,0,0,0,0,0,0,0,0
2023-05-13,78554.19,1686537.20,21099.00,9.00,19.00,2614750.00,184907,13698,153984.75,32166.75,0.9,76.03175,1.265,-0.025,1036.5425,0,0,0,0,0,0,0,0,0,0,0,0,0,0,0,1,0,0,0,0,0,0,0,0
2023-05-20,78221.90,1369842.20,19278.00,9.00,19.00,2614750.00,310347,80534,153984.75,32166.75,0.9,76.03175,1.265,-0.025,1036.5425,0,0,0,0,0,0,0,0,0,0,0,0,0,0,0,0,0,0,0,0,0,0,0,0
2023-05-27,78538.59,803375.20,10846.00,8.00,19.00,2614750.00,309816,131524,153984.75,32166.75,0.9,76.03175,1.265,-0.025,1036.5425,0,0,0,0,0,0,0,0,0,0,0,0,0,0,1,0,0,0,0,0,0,0,0,0
2023-06-03,77407.26,1420565.80,20123.00,6.00,19.00,2641250.00,327742,123949,149369,31466.5,0.9,76.27725,1.27,0.1,1086.3425,0,0,0,0,0,0,0,0,0,0,0,0,0,0,0,0,0,0,0,0,0,0,0,0
2023-06-10,88603.78,1903056.60,23275.00,6.00,20.00,2641250.00,384635,88133,149369,31466.5,0.9,76.27725,1.27,0.1,1086.3425,0,0,0,0,0,0,0,0,0,0,0,0,0,0,0,0,0,0,0,0,0,0,0,0
2023-06-17,84633.45,1271570.00,18055.00,11.00,22.00,2641250.00,370699,71808,149369,31466.5,0.9,76.27725,1.27,0.1,1086.3425,0,0,0,0,0,0,1,0,0,0,0,0,1,0,0,0,0,0,0,0,0,0,0,0
2023-06-24,81519.64,1414978.20,20394.00,8.00,24.00,2641250.00,429265,139292,149369,31466.5,0.9,76.27725,1.27,0.1,1086.3425,0,0,0,0,0,0,0,0,0,0,0,0,0,0,0,0,0,0,0,0,0,0,0,0
2023-07-01,71459.69,1563282.80,21631.00,9.00,20.00,2133400.00,480042,147368,118230,25267.4,0.7,61.1382,1.024,0.1,901.616,0,0,0,0,0,0,0,0,0,0,0,1,0,0,0,0,0,0,0,0,0,0,0,0
2023-07-08,70189.12,1248054.20,18314.00,10.00,20.00,2133400.00,412722,134522,118230,25267.4,0.7,61.1382,1.024,0.1,901.616,0,0,0,0,0,0,0,0,0,0,0,0,0,0,0,0,0,1,0,0,0,0,0,0
2023-07-15,72761.44,1298845.20,18416.00,10.00,21.00,2133400.00,412797,183881,118230,25267.4,0.7,61.1382,1.024,0.1,901.616,0,0,0,0,0,0,0,0,0,0,0,0,0,0,0,0,0,0,0,0,0,0,0,0
2023-07-22,72057.61,1476628.60,20409.00,14.00,22.00,2133400.00,442485,124460,118230,25267.4,0.7,61.1382,1.024,0.1,901.616,0,0,0,0,0,0,0,0,0,0,0,0,0,0,0,0,0,0,0,0,0,0,0,0
2023-07-29,69988.04,1742308.80,23542.00,9.00,19.00,2133400.00,482330,167985,118230,25267.4,0.7,61.1382,1.024,0.1,901.616,0,0,0,0,0,0,0,0,0,0,0,0,0,0,0,0,0,0,0,0,0,0,0,0
2023-08-05,67712.40,1303948.00,18086.00,10.00,21.00,2684250.00,494227,195052,153377.75,32927.75,0.925,76.7565,1.3325,0.125,1106.56,0,0,0,0,0,0,0,0,0,0,0,0,0,0,0,0,0,0,0,0,0,0,0,0
2023-08-12,68675.38,990365.20,15025.00,10.00,22.00,2684250.00,483229,343710,153377.75,32927.75,0.925,76.7565,1.3325,0.125,1106.56,0,0,0,0,0,0,0,0,0,0,0,0,0,0,0,0,0,0,0,0,0,0,0,0
2023-08-19,69906.02,1851634.80,19778.00,9.00,22.00,2684250.00,478845,132457,153377.75,32927.75,0.925,76.7565,1.3325,0.125,1106.56,0,0,0,0,0,0,0,0,0,0,0,0,0,0,0,0,0,0,0,0,0,0,0,0
2023-08-26,68763.69,1020842.28,14657.00,11.00,19.00,2684250.00,435067,150560,153377.75,32927.75,0.925,76.7565,1.3325,0.125,1106.56,0,0,0,0,0,0,0,0,0,0,0,0,0,0,0,0,0,0,0,0,0,0,0,0
2023-09-02,66345.76,1044912.00,14753.00,12.00,17.00,2156800.00,442497,160094,115861.2,24433.8,0.76,61.5578,1.066,0.14,881.82,0,0,0,0,0,0,0,0,0,0,0,0,0,1,0,0,0,0,0,0,0,0,0,0
2023-09-09,71694.46,1358801.20,17601.00,12.00,18.00,2156800.00,473227,162530,115861.2,24433.8,0.76,61.5578,1.066,0.14,881.82,0,0,0,0,0,0,0,0,0,0,0,0,0,0,0,0,0,0,0,0,0,0,0,0
2023-09-16,72492.59,1556777.60,20401.00,11.00,18.00,2156800.00,443798,190180,115861.2,24433.8,0.76,61.5578,1.066,0.14,881.82,0,0,0,0,0,0,0,0,0,0,0,0,0,0,0,0,0,0,0,0,0,0,0,0
2023-09-23,71714.86,1511151.20,19704.00,11.00,17.00,2156800.00,451237,219614,115861.2,24433.8,0.76,61.5578,1.066,0.14,881.82,0,0,0,0,0,0,0,0,0,0,0,0,0,0,0,0,0,0,0,0,0,0,0,0
2023-09-30,69765.49,659043.40,8974.00,16.00,18.00,2156800.00,498787,79692,115861.2,24433.8,0.76,61.5578,1.066,0.14,881.82,0,0,0,0,0,0,0,0,0,0,0,0,0,0,0,0,0,0,0,0,0,0,0,0
2023-10-07,70679.94,1681313.60,21659.00,10.00,17.00,2716000.00,501302,158425,148566.5,31336,0.975,76.91775,1.3325,0.125,1064.745,0,0,0,1,0,0,0,0,0,0,0,0,0,0,0,0,0,0,0,0,0,0,0,0
2023-10-14,70550.54,1130322.80,16941.00,13.00,18.00,2716000.00,467456,86428,148566.5,31336,0.975,76.91775,1.3325,0.125,1064.745,0,0,0,0,0,0,0,0,0,0,0,0,0,0,0,0,0,0,0,0,0,0,0,0
2023-10-21,69605.21,1796350.20,24757.00,15.00,18.00,2716000.00,487977,268165,148566.5,31336,0.975,76.91775,1.3325,0.125,1064.745,0,0,0,0,0,0,0,0,0,0,0,0,0,0,0,0,0,0,0,0,0,0,0,0
2023-10-28,70687.53,2042528.48,25342.00,15.00,17.00,2716000.00,450392,141121,148566.5,31336,0.975,76.91775,1.3325,0.125,1064.745,0,0,0,0,0,0,0,0,0,1,0,0,0,0,0,0,0,0,0,0,0,0,0,0
2023-11-04,55657.09,1163231.40,15354.00,13.00,19.00,2732250.00,415129,70188,152106.5,34155.25,0.925,76.76275,1.3325,0.225,1115.015,0,0,0,0,0,0,0,0,0,0,0,0,0,0,0,0,0,0,0,0,0,0,0,0
2023-11-11,53886.98,1089244.20,14513.00,17.00,17.00,2732250.00,453800,98247,152106.5,34155.25,0.925,76.76275,1.3325,0.225,1115.015,0,0,0,0,0,0,0,0,0,0,0,0,0,0,0,0,0,0,0,0,0,0,1,0
2023-11-18,53912.26,1051780.00,12610.00,13.00,16.00,2732250.00,433798,251631,152106.5,34155.25,0.925,76.76275,1.3325,0.225,1115.015,0,1,0,0,0,0,0,0,0,0,0,0,0,0,0,0,0,0,0,1,0,0,0,0
2023-11-25,53714.02,936150.60,12751.00,16.00,15.00,2732250.00,376797,74564,152106.5,34155.25,0.925,76.76275,1.3325,0.225,1115.015,0,0,0,0,1,0,0,0,0,0,0,0,0,0,0,0,0,0,1,0,0,0,0,0
2023-12-02,39002.86,1493545.00,18850.00,46.00,17.00,2209200.00,424881,181037,131448.6,33407.2,0.76,61.3492,1.066,0.22,937.01,0,0,0,0,0,0,0,0,0,0,1,0,0,0,0,0,0,0,0,0,0,0,0,0
2023-12-09,38950.57,999131.00,13372.00,22.00,19.00,2209200.00,570753,66681,131448.6,33407.2,0.76,61.3492,1.066,0.22,937.01,0,0,0,0,0,0,0,0,0,0,0,0,0,0,0,0,0,0,0,0,1,0,0,0
2023-12-16,38781.50,1280347.40,16578.00,21.00,16.00,2209200.00,399960,53087,131448.6,33407.2,0.76,61.3492,1.066,0.22,937.01,0,0,0,0,0,0,0,0,0,0,0,0,0,0,0,0,0,0,0,0,0,0,0,1
2023-12-23,38993.91,545184.40,7538.00,9.00,18.00,2209200.00,412438,53803,131448.6,33407.2,0.76,61.3492,1.066,0.22,937.01,0,0,1,0,0,0,0,0,0,0,0,0,0,0,0,0,0,0,0,0,0,0,0,0
2023-12-30,38312.68,850042.60,12482.00,9.00,23.00,2209200.00,389736,52210,131448.6,33407.2,0.76,61.3492,1.066,0.22,937.01,1,0,0,0,0,0,0,0,0,0,0,0,0,0,0,0,0,0,0,0,0,0,0,0
2024-01-06,32292.00,403779.40,6241.00,5.00,17.00,2761750.00,394941,48817,134958.5,27520.75,0.925,77.10425,1.3325,0.175,1201.1225,1,0,0,0,0,0,0,0,0,0,0,0,0,0,0,0,0,0,0,0,0,0,0,0
2024-01-13,33749.39,635857.30,7007.00,7.00,19.00,2761750.00,348715,54267,134958.5,27520.75,0.925,77.10425,1.3325,0.175,1201.1225,1,0,0,0,0,0,0,0,0,0,0,0,0,0,0,0,0,0,0,0,0,0,0,0
2024-01-20,33560.77,208808.60,2963.00,13.00,16.00,2761750.00,376666,72229,134958.5,27520.75,0.925,77.10425,1.3325,0.175,1201.1225,1,0,0,0,0,0,0,0,0,0,0,0,0,0,0,0,0,0,0,0,0,0,0,0
2024-01-27,25380.27,383320.60,4834.00,7.00,16.00,2761750.00,531140,125108,134958.5,27520.75,0.925,77.10425,1.3325,0.175,1201.1225,1,0,0,0,0,0,0,0,0,0,0,0,0,0,0,0,0,0,0,0,0,0,0,0
2024-02-03,54778.10,906153.20,9938.00,8.00,17.00,2771750.00,541036,86832,136042.25,28496,0.975,77.5815,1.3325,0.175,1252.99,1,0,0,0,0,0,0,0,0,0,0,0,0,0,0,0,0,0,0,0,0,0,0,0
2024-02-10,68952.91,596708.60,7791.00,8.00,17.00,2771750.00,610174,117938,136042.25,28496,0.975,77.5815,1.3325,0.175,1252.99,0,0,0,0,0,0,0,0,0,0,0,0,0,0,0,0,0,0,0,0,0,1,0,0
2024-02-17,72079.09,876752.40,11099.00,9.00,19.00,2771750.00,639464,83294,136042.25,28496,0.975,77.5815,1.3325,0.175,1252.99,0,0,0,0,0,0,0,0,0,0,0,0,0,0,0,0,1,0,0,0,0,0,0,0
2024-02-24,72269.16,916442.40,11657.00,9.00,17.00,2771750.00,645583,131235,136042.25,28496,0.975,77.5815,1.3325,0.175,1252.99,0,0,0,0,0,0,0,0,0,0,0,0,0,0,0,0,0,0,0,0,0,0,0,0
2024-03-02,81690.58,1015140.80,11290.00,8.00,20.00,2227400.00,624908,125924,119539,25398.6,0.78,62.4664,1.066,0.16,1034.114,0,0,0,0,0,0,0,0,0,0,0,0,0,0,0,0,0,0,0,0,0,0,0,0
2024-03-09,87765.36,708567.90,8645.00,14.00,22.00,2227400.00,623754,97974,119539,25398.6,0.78,62.4664,1.066,0.16,1034.114,0,0,0,0,0,0,0,0,0,0,0,0,0,0,0,0,0,0,0,0,0,0,0,0
2024-03-16,88530.70,1312583.50,16070.00,11.00,22.00,2227400.00,591553,115971,119539,25398.6,0.78,62.4664,1.066,0.16,1034.114,0,0,0,0,0,0,0,0,0,0,0,0,0,0,0,0,0,0,0,0,0,0,0,0
2024-03-23,87421.79,1307770.80,14992.00,9.00,19.00,2227400.00,636388,217262,119539,25398.6,0.78,62.4664,1.066,0.16,1034.114,0,0,0,0,0,0,0,0,1,0,0,0,0,0,0,0,0,0,0,0,0,0,0,0
2024-03-30,86960.93,1392320.10,19972.00,8.00,20.00,2227400.00,534686,89550,119539,25398.6,0.78,62.4664,1.066,0.16,1034.114,0,0,0,0,0,1,0,0,0,0,0,0,0,0,0,0,0,0,0,0,0,0,0,0
2024-04-06,45329.51,1347753.10,17820.00,12.00,19.00,2798500.00,598842,78784,148443.5,29953.75,0.975,78.387,1.3325,0.075,1273.865,0,0,0,0,0,0,0,0,0,0,0,0,0,0,0,0,0,0,0,0,0,0,0,0
2024-04-13,46680.12,2045196.70,22888.00,7.00,18.00,2798500.00,590431,80952,148443.5,29953.75,0.975,78.387,1.3325,0.075,1273.865,0,0,0,0,0,0,0,0,0,0,0,0,0,0,0,0,0,0,0,0,0,0,0,0
2024-04-20,45666.58,1656471.02,21203.00,8.00,20.00,2798500.00,611442,121019,148443.5,29953.75,0.975,78.387,1.3325,0.075,1273.865,0,0,0,0,0,0,0,0,0,0,0,0,0,0,0,0,0,0,0,0,0,0,0,0
2024-04-27,44881.85,1466846.94,19764.00,6.00,20.00,2798500.00,546480,227945,148443.5,29953.75,0.975,78.387,1.3325,0.075,1273.865,0,0,0,0,0,0,0,0,0,0,0,0,0,0,0,0,0,0,0,0,0,0,0,0
2024-05-04,46521.22,1419295.50,18750.00,6.00,19.00,2823500.00,559727,103444,157958,33127.75,1,78.51725,1.3325,0.025,1308.8075,0,0,0,0,0,0,0,0,0,0,0,0,0,0,0,0,0,0,0,0,0,0,0,0
2024-05-11,61093.31,1177272.50,14914.00,8.00,18.00,2823500.00,547781,80991,157958,33127.75,1,78.51725,1.3325,0.025,1308.8075,0,0,0,0,0,0,0,0,0,0,0,0,0,0,0,1,0,0,0,0,0,0,0,0
2024-05-18,60494.97,1390078.90,18651.00,10.00,19.00,2823500.00,557189,94473,157958,33127.75,1,78.51725,1.3325,0.025,1308.8075,0,0,0,0,0,0,0,0,0,0,0,0,0,0,0,0,0,0,0,0,0,0,0,0
2024-05-25,59318.34,826061.50,10959.00,8.00,18.00,2823500.00,643633,190996,157958,33127.75,1,78.51725,1.3325,0.025,1308.8075,0,0,0,0,0,0,0,0,0,0,0,0,0,0,1,0,0,0,0,0,0,0,0,0
2024-06-01,48889.93,1001305.80,13334.00,10.00,19.00,2285800.00,609850,125126,118599.8,25430.4,0.82,62.835,1.066,-0.04,1083.028,0,0,0,0,0,0,0,0,0,0,0,0,0,0,0,0,0,0,0,0,0,0,0,0
2024-06-08,63118.11,3005675.76,30007.00,8.00,18.00,2285800.00,709276,112033,118599.8,25430.4,0.82,62.835,1.066,-0.04,1083.028,0,0,0,0,0,0,0,1,0,0,0,0,0,0,0,0,0,0,0,0,0,0,0,0
2024-06-15,67931.23,1038688.90,15116.00,9.00,19.00,2285800.00,596944,144555,118599.8,25430.4,0.82,62.835,1.066,-0.04,1083.028,0,0,0,0,0,0,1,0,0,0,0,0,1,0,0,0,0,0,0,0,0,0,0,0
2024-06-22,66381.24,1398055.40,19563.00,9.00,21.00,2285800.00,619705,145401,118599.8,25430.4,0.82,62.835,1.066,-0.04,1083.028,0,0,0,0,0,0,0,0,0,0,0,0,0,0,0,0,0,0,0,0,0,0,0,0
2024-06-29,68208.09,1542343.40,21686.00,12.00,20.00,2285800.00,635349,127021,118599.8,25430.4,0.82,62.835,1.066,-0.04,1083.028,0,0,0,0,0,0,0,0,0,0,0,1,0,0,0,0,0,0,0,0,0,0,0,0
2024-07-06,63460.49,1140030.80,16725.00,7.00,19.00,2888250.00,563787,110903,154608,31968,1.05,78.635,1.3325,-0.175,1384.5,0,0,0,0,0,0,0,0,0,0,0,0,0,0,0,0,0,0,0,0,0,0,0,0
2024-07-13,65109.34,1457491.20,19187.00,7.00,21.00,2888250.00,598916,140017,154608,31968,1.05,78.635,1.3325,-0.175,1384.5,0,0,0,0,0,0,0,0,0,0,0,0,0,0,0,0,0,1,0,0,0,0,0,0
2024-07-20,82215.64,1246940.90,15914.00,8.00,19.00,2888250.00,559160,75860,154608,31968,1.05,78.635,1.3325,-0.175,1384.5,0,0,0,0,0,0,0,0,0,0,0,0,0,0,0,0,0,0,0,0,0,0,0,0
2024-07-27,83935.18,1004750.10,14636.00,8.00,18.00,2888250.00,611485,190899,154608,31968,1.05,78.635,1.3325,-0.175,1384.5,0,0,0,0,0,0,0,0,0,0,0,0,0,0,0,0,0,0,0,0,0,0,0,0
2024-08-03,101975.42,1043428.90,14439.00,8.00,19.00,2334400.00,725548,179467,124484.2,26939,0.84,62.9592,1.066,-0.14,1095.642,0,0,0,0,0,0,0,0,0,0,0,0,0,0,0,0,0,0,0,0,0,0,0,0
2024-08-10,105187.25,1096572.20,16289.00,13.00,18.00,2334400.00,631576,105565,124484.2,26939,0.84,62.9592,1.066,-0.14,1095.642,0,0,0,0,0,0,0,0,0,0,0,0,0,0,0,0,0,0,0,0,0,0,0,0
2024-08-17,113217.17,1838627.90,18872.00,9.00,18.00,2334400.00,670876,113383,124484.2,26939,0.84,62.9592,1.066,-0.14,1095.642,0,0,0,0,0,0,0,0,0,0,0,0,0,0,0,0,0,0,0,0,0,0,0,0
2024-08-24,116309.26,1121361.80,14893.00,9.00,17.00,2334400.00,486517,204548,124484.2,26939,0.84,62.9592,1.066,-0.14,1095.642,0,0,0,0,0,0,0,0,0,0,0,0,0,0,0,0,0,0,0,0,0,0,0,0
2024-08-31,110168.62,1005938.70,14251.00,10.00,17.00,2334400.00,468268,80097,124484.2,26939,0.84,62.9592,1.066,-0.14,1095.642,0,0,0,0,0,0,0,0,0,0,0,0,0,1,0,0,0,0,0,0,0,0,0,0
2024-09-07,60515.55,1899870.10,21198.00,11.00,17.00,2927500.00,477191,88454,144770.75,30321,1.025,78.82525,1.2825,-0.15,1405.315,0,0,0,0,0,0,0,0,0,0,0,0,0,0,0,0,0,0,0,0,0,0,0,0
2024-09-14,73459.17,1338565.30,17047.00,9.00,19.00,2927500.00,492609,161870,144770.75,30321,1.025,78.82525,1.2825,-0.15,1405.315,0,0,0,0,0,0,0,0,0,0,0,0,0,0,0,0,0,0,0,0,0,0,0,0
2024-09-21,75380.40,1495280.40,18857.00,10.00,19.00,2927500.00,519707,115725,144770.75,30321,1.025,78.82525,1.2825,-0.15,1405.315,0,0,0,0,0,0,0,0,0,0,0,0,0,0,0,0,0,0,0,0,0,0,0,0
2024-09-28,69532.59,852040.10,10587.00,11.00,17.00,2927500.00,573283,47689,144770.75,30321,1.025,78.82525,1.2825,-0.15,1405.315,0,0,0,0,0,0,0,0,0,0,0,0,0,0,0,0,0,0,0,0,0,0,0,0
2024-10-05,46930.26,710653.60,10054.00,8.00,18.00,2940250.00,448131,82264,155684.5,32283.25,1.025,78.916,1.2075,-0.125,1448.08,0,0,0,0,0,0,0,0,0,0,0,0,0,0,0,0,0,0,0,0,0,0,0,0
2024-10-12,64651.34,2075939.00,26437.00,13.00,18.00,2940250.00,542927,131112,155684.5,32283.25,1.025,78.916,1.2075,-0.125,1448.08,0,0,0,1,0,0,0,0,0,0,0,0,0,0,0,0,0,0,0,0,0,0,0,0
2024-10-19,57420.91,1920945.40,24789.00,12.00,17.00,2940250.00,524528,240997,155684.5,32283.25,1.025,78.916,1.2075,-0.125,1448.08,0,0,0,0,0,0,0,0,0,0,0,0,0,0,0,0,0,0,0,0,0,0,0,0
2024-10-26,56653.32,1810739.80,23310.00,13.00,16.00,2940250.00,488450,128741,155684.5,32283.25,1.025,78.916,1.2075,-0.125,1448.08,0,0,0,0,0,0,0,0,0,1,0,0,0,0,0,0,0,0,0,0,0,0,0,0
2024-11-02,48107.41,1431496.00,17857.00,12.00,15.00,2353000.00,453069,73255,126079.8,28324.4,0.84,63.0986,0.928,-0.14,1185.984,0,0,0,0,0,0,0,0,0,0,0,0,0,0,0,0,0,0,0,0,0,0,0,0
2024-11-09,55612.37,1162083.30,14871.00,14.00,15.00,2353000.00,429880,85932,126079.8,28324.4,0.84,63.0986,0.928,-0.14,1185.984,0,0,0,0,0,0,0,0,0,0,0,0,0,0,0,0,0,0,0,0,0,0,1,0
2024-11-16,56681.70,1652570.00,18241.00,18.00,16.00,2353000.00,448346,76253,126079.8,28324.4,0.84,63.0986,0.928,-0.14,1185.984,0,0,0,0,0,0,0,0,0,0,0,0,0,0,0,0,0,0,0,0,0,0,0,0
2024-11-23,50525.20,764984.30,9214.00,19.00,13.00,2353000.00,435832,92827,126079.8,28324.4,0.84,63.0986,0.928,-0.14,1185.984,0,1,0,0,0,0,0,0,0,0,0,0,0,0,0,0,0,0,0,1,0,0,0,0
2024-11-30,49114.35,951805.20,11605.00,20.00,15.00,2353000.00,408020,50024,126079.8,28324.4,0.84,63.0986,0.928,-0.14,1185.984,0,0,0,0,1,0,0,0,0,0,0,0,0,0,0,0,0,0,1,0,0,0,0,0
2024-12-07,39071.64,1539378.94,18653.00,21.00,15.00,2953250.00,431356,132832,172828,42437,1.025,78.90125,1.12,-0.225,1502.7275,0,0,0,0,0,0,0,0,0,0,0,0,0,0,0,0,0,0,0,0,1,0,0,0
2024-12-14,38054.52,1173923.00,12743.00,32.00,15.00,2953250.00,428849,70425,172828,42437,1.025,78.90125,1.12,-0.225,1502.7275,0,0,0,0,0,0,0,0,0,0,0,0,0,0,0,0,0,0,0,0,0,0,0,1
2024-12-21,34282.13,781898.80,8986.00,17.00,15.00,2953250.00,415564,127899,172828,42437,1.025,78.90125,1.12,-0.225,1502.7275,0,0,1,0,0,0,0,0,0,0,1,0,0,0,0,0,0,0,0,0,0,0,0,0
2024-12-28,33107.32,1114870.30,13459.00,12.00,21.00,2953250.00,332244,58022,172828,42437,1.025,78.90125,1.12,-0.225,1502.7275,1,0,0,0,0,0,0,0,0,0,0,0,0,0,0,0,0,0,0,0,0,0,0,0
2025-01-04,28858.11,444233.08,6489.00,4.00,17.00,2958000.00,304697,106600,141665.5,28779.5,1,79.41775,1.0825,-0.25,1494.88,1,0,0,0,0,0,0,0,0,0,0,0,0,0,0,0,0,0,0,0,0,0,0,0
2025-01-11,33712.85,552211.43,5146.00,6.00,17.00,2958000.00,301184,69823,141665.5,28779.5,1,79.41775,1.0825,-0.25,1494.88,1,0,0,0,0,0,0,0,0,0,0,0,0,0,0,0,0,0,0,0,0,0,0,0
2025-01-18,33033.87,585590.79,8357.00,8.00,18.00,2958000.00,360263,123490,141665.5,28779.5,1,79.41775,1.0825,-0.25,1494.88,1,0,0,0,0,0,0,0,0,0,0,0,0,0,0,0,0,0,0,0,0,0,0,0
2025-01-25,32929.57,547981.60,7385.00,8.00,16.00,2958000.00,320446,79226,141665.5,28779.5,1,79.41775,1.0825,-0.25,1494.88,1,0,0,0,0,0,0,0,0,0,0,0,0,0,0,0,0,0,0,0,0,0,0,0
2025-02-01,36398.37,393416.34,5599.00,10.00,16.00,2945500.00,443788,220322,135992.5,28131.25,1.025,79.7705,1.0825,-0.2,1509.6725,1,0,0,0,0,0,0,0,0,0,0,0,0,0,0,0,0,0,0,0,0,0,0,0
2025-02-08,41708.69,428641.15,6033.00,11.00,16.00,2945500.00,368791,89629,135992.5,28131.25,1.025,79.7705,1.0825,-0.2,1509.6725,0,0,0,0,0,0,0,0,0,0,0,0,0,0,0,0,0,0,0,0,0,1,0,0
2025-02-15,43605.34,911034.43,11833.00,15.00,18.00,2945500.00,436460,58664,135992.5,28131.25,1.025,79.7705,1.0825,-0.2,1509.6725,0,0,0,0,0,0,0,0,0,0,0,0,0,0,0,0,1,0,0,0,0,0,0,0
2025-02-22,44305.65,1499262.71,16061.00,9.00,17.00,2945500.00,487028,76706,135992.5,28131.25,1.025,79.7705,1.0825,-0.2,1509.6725,0,0,0,0,0,0,0,0,0,0,0,0,0,0,0,0,0,0,0,0,0,0,0,0
2025-03-01,38583.24,723438.72,9238.00,16.00,17.00,2355000.00,399988,56704,124990.8,25710,0.84,63.9598,0.866,-0.14,1136.796,0,0,0,0,0,0,0,0,0,0,0,0,0,0,0,0,0,0,0,0,0,0,0,0
2025-03-08,38897.24,895934.70,12012.00,13.00,18.00,2355000.00,508164,103762,124990.8,25710,0.84,63.9598,0.866,-0.14,1136.796,0,0,0,0,0,0,0,0,0,0,0,0,0,0,0,0,0,0,0,0,0,0,0,0
2025-03-15,45023.60,1182529.69,14229.00,100.00,19.00,2355000.00,536079,100404,124990.8,25710,0.84,63.9598,0.866,-0.14,1136.796,0,0,0,0,0,0,0,0,0,0,0,0,0,0,0,0,0,0,0,0,0,0,0,0
2025-03-22,139850.81,2595771.18,12457.00,24.00,18.00,2355000.00,1124731,95150,124990.8,25710,0.84,63.9598,0.866,-0.14,1136.796,0,0,0,0,0,0,0,0,0,0,0,0,0,0,0,0,0,0,0,0,0,0,0,0
2025-03-29,180474.37,1487151.77,20924.00,15.00,21.00,2355000.00,526015,93226,124990.8,25710,0.84,63.9598,0.866,-0.14,1136.796,0,0,0,0,0,0,0,0,0,0,0,0,0,0,0,0,0,0,0,0,0,0,0,0
2025-04-05,102397.69,1280906.16,17594.00,12.00,18.00,2958816.25,418000,102585,155886.25,31437,1.05,80.19875,1.0825,-0.1,1342.375,0,0,0,0,0,0,0,0,0,0,0,0,0,0,0,0,0,0,0,0,0,0,0,0
2025-04-12,97586.25,1442848.82,19743.00,12.00,17.00,2958816.25,432084,77301,155886.25,31437,1.05,80.19875,1.0825,-0.1,1342.375,0,0,0,0,0,0,0,0,1,0,0,0,0,0,0,0,0,0,0,0,0,0,0,0
2025-04-19,100872.39,1376633.21,19217.00,8.00,17.00,2958816.25,385517,54203,155886.25,31437,1.05,80.19875,1.0825,-0.1,1342.375,0,0,0,0,0,1,0,0,0,0,0,0,0,0,0,0,0,0,0,0,0,0,0,0
2025-04-26,99268.55,1459123.15,20849.00,9.00,18.00,2958816.25,381931,116856,155886.25,31437,1.05,80.19875,1.0825,-0.1,1342.375,0,0,0,0,0,0,0,0,0,0,0,0,0,0,0,0,0,0,0,0,0,0,0,0
2025-05-03,86434.11,1410236.62,18463.00,8.00,18.00,2388198.80,366858,63345,124990.8,25710,0.84,64.293,0.866,-0.08,1162.184,0,0,0,0,0,0,0,0,0,0,0,0,0,0,0,0,0,0,0,0,0,0,0,0
2025-05-10,68628.77,949341.07,12820.00,13.00,18.00,2388198.80,341856,59963,124990.8,25710,0.84,64.293,0.866,-0.08,1162.184,0,0,0,0,0,0,0,0,0,0,0,0,0,0,0,1,0,0,0,0,0,0,0,0
2025-05-17,68992.54,1364306.17,17759.00,10.00,18.00,2388198.80,355856,65429,124990.8,25710,0.84,64.293,0.866,-0.08,1162.184,0,0,0,0,0,0,0,0,0,0,0,0,0,0,0,0,0,0,0,0,0,0,0,0
2025-05-24,69086.20,1162183.90,15548.00,10.00,19.00,2388198.80,391022,47571,124990.8,25710,0.84,64.293,0.866,-0.08,1162.184,0,0,0,0,0,0,0,0,0,0,0,0,0,0,1,0,0,0,0,0,0,0,0,0
2025-05-31,67180.33,1139695.26,15792.00,12.00,19.00,2388198.80,414505,94997,124990.8,25710,0.84,64.293,0.866,-0.08,1162.184,0,0,0,0,0,0,0,0,0,0,0,0,0,0,0,0,0,0,0,0,0,0,0,0
2025-06-07,51503.17,2477472.28,26266.00,13.00,19.00,3020932.00,497120,81890,156238.5,32137.5,1.025,80.36625,1.0825,-0.1,1496.365,0,0,0,0,0,0,0,1,0,0,0,0,0,0,0,0,0,0,0,0,0,0,0,0
2025-06-14,61401.23,1095188.76,15645.00,8.00,18.00,3020932.00,380505,56929,156238.5,32137.5,1.025,80.36625,1.0825,-0.1,1496.365,0,0,0,0,0,0,1,0,0,0,0,0,1,0,0,0,0,0,0,0,0,0,0,0
2025-06-21,48448.18,1640719.51,20960.00,11.00,19.00,3020932.00,398223,79426,156238.5,32137.5,1.025,80.36625,1.0825,-0.1,1496.365,0,0,0,0,0,0,0,0,0,0,0,0,0,0,0,0,0,0,0,0,0,0,0,0
2025-06-28,49985.31,1247156.41,18150.00,10.00,18.00,3020932.00,389103,124663,156238.5,32137.5,1.025,80.36625,1.0825,-0.1,1496.365,0,0,0,0,0,0,0,0,0,0,0,1,0,0,0,0,0,0,0,0,0,0,0,0